lang,title,original_url,screenshot,page_file
ar,يونيو 2011 - Moreco,https://moreco.ma/2011/06/?lang=ar,screenshots/pages/2011/06/index~lang-ar.html.jpg,site/2011/06/index~lang-ar.html
ar,2011 - Moreco,https://moreco.ma/2011/?lang=ar,screenshots/pages/2011/index~lang-ar.html.jpg,site/2011/index~lang-ar.html
ar,يناير 2012 - Moreco,https://moreco.ma/2012/01/?lang=ar,screenshots/pages/2012/01/index~lang-ar.html.jpg,site/2012/01/index~lang-ar.html
ar,نوفمبر 2012 - Moreco,https://moreco.ma/2012/11/?lang=ar,screenshots/pages/2012/11/index~lang-ar.html.jpg,site/2012/11/index~lang-ar.html
ar,2012 - Moreco,https://moreco.ma/2012/?lang=ar,screenshots/pages/2012/index~lang-ar.html.jpg,site/2012/index~lang-ar.html
ar,مارس 2013 - Moreco,https://moreco.ma/2013/03/?lang=ar,screenshots/pages/2013/03/index~lang-ar.html.jpg,site/2013/03/index~lang-ar.html
ar,مايو 2013 - Moreco,https://moreco.ma/2013/05/?lang=ar,screenshots/pages/2013/05/index~lang-ar.html.jpg,site/2013/05/index~lang-ar.html
ar,2013 - Moreco,https://moreco.ma/2013/?lang=ar,screenshots/pages/2013/index~lang-ar.html.jpg,site/2013/index~lang-ar.html
ar,فبراير 2014 - Moreco,https://moreco.ma/2014/02/?lang=ar,screenshots/pages/2014/02/index~lang-ar.html.jpg,site/2014/02/index~lang-ar.html
ar,نوفمبر 2014 - Moreco,https://moreco.ma/2014/11/?lang=ar,screenshots/pages/2014/11/index~lang-ar.html.jpg,site/2014/11/index~lang-ar.html
ar,2014 - Moreco,https://moreco.ma/2014/?lang=ar,screenshots/pages/2014/index~lang-ar.html.jpg,site/2014/index~lang-ar.html
ar,الفرص الوظيفية في Moreco,https://moreco.ma/career-opportunities-moreco/?lang=ar,screenshots/pages/career-opportunities-moreco/index~lang-ar.html.jpg,site/career-opportunities-moreco/index~lang-ar.html
ar,عنوان الشركة Moreco,https://moreco.ma/contact/?lang=ar,screenshots/pages/contact/index~lang-ar.html.jpg,site/contact/index~lang-ar.html
ar,Moreco، سيليكون للبشر والنباتات والحيوانات والاستخدامات العامة,https://moreco.ma/?lang=ar,screenshots/pages/index~lang-ar.html.jpg,site/index~lang-ar.html
ar,التسجيل لحضور حفل إطلاق MORECO SIAM MEKNES Morocco,https://moreco.ma/registration-for-launch-moreco/?lang=ar,screenshots/pages/registration-for-launch-moreco/index~lang-ar.html.jpg,site/registration-for-launch-moreco/index~lang-ar.html
ar,15-Résultats sur les grapes - Moreco,https://moreco.ma/research/15-resultats-sur-les-grapes/?lang=ar,screenshots/pages/research/15-resultats-sur-les-grapes/index~lang-ar.html.jpg,site/research/15-resultats-sur-les-grapes/index~lang-ar.html
ar,16-Résultats sur les prunes - Moreco,https://moreco.ma/research/16-resultats-sur-les-prunes/?lang=ar,screenshots/pages/research/16-resultats-sur-les-prunes/index~lang-ar.html.jpg,site/research/16-resultats-sur-les-prunes/index~lang-ar.html
ar,17- Résultats sur les Framboises - Moreco,https://moreco.ma/research/17-resultats-sur-les-framboises/?lang=ar,screenshots/pages/research/17-resultats-sur-les-framboises/index~lang-ar.html.jpg,site/research/17-resultats-sur-les-framboises/index~lang-ar.html
ar,18- Résultats sur les oignons - Moreco,https://moreco.ma/research/18-resultats-sur-les-oignons/?lang=ar,screenshots/pages/research/18-resultats-sur-les-oignons/index~lang-ar.html.jpg,site/research/18-resultats-sur-les-oignons/index~lang-ar.html
ar,19- Résultats sur le Gazon - Moreco,https://moreco.ma/research/19-resultats-sur-le-gazon/?lang=ar,screenshots/pages/research/19-resultats-sur-le-gazon/index~lang-ar.html.jpg,site/research/19-resultats-sur-le-gazon/index~lang-ar.html
ar,10- Résultats sur les poivrons - Moreco,https://moreco.ma/research/effets-des-produits-orthagrow-sur-les-poivrons/?lang=ar,screenshots/pages/research/effets-des-produits-orthagrow-sur-les-poivrons/index~lang-ar.html.jpg,site/research/effets-des-produits-orthagrow-sur-les-poivrons/index~lang-ar.html
ar,09-Résultats sue le blé - Moreco,https://moreco.ma/research/resultats-de-la-production-de-ble-a-lapplication-de-orthagrow-granule/?lang=ar,screenshots/pages/research/resultats-de-la-production-de-ble-a-lapplication-de-orthagrow-granule/index~lang-ar.html.jpg,site/research/resultats-de-la-production-de-ble-a-lapplication-de-orthagrow-granule/index~lang-ar.html
ar,14-Résultats sur le QUINOA - Moreco,https://moreco.ma/research/resultats-de-la-production-de-guinoa-a-lapplication-de-orthagrow-control/?lang=ar,screenshots/pages/research/resultats-de-la-production-de-guinoa-a-lapplication-de-orthagrow-control/index~lang-ar.html.jpg,site/research/resultats-de-la-production-de-guinoa-a-lapplication-de-orthagrow-control/index~lang-ar.html
ar,12-Résultats maïs d'ensilage - Moreco,https://moreco.ma/research/resultats-de-la-production-de-mais-densilage-a-lapplication-de-orthagrow-poudre/?lang=ar,screenshots/pages/research/resultats-de-la-production-de-mais-densilage-a-lapplication-de-orthagrow-poudre/index~lang-ar.html.jpg,site/research/resultats-de-la-production-de-mais-densilage-a-lapplication-de-orthagrow-poudre/index~lang-ar.html
ar,05-Résultats sur les pêcher - Moreco,https://moreco.ma/research/resultats-de-la-production-sur-les-arbres-pecher-a-lapplication-de-orthagrow-bloom-booster/?lang=ar,screenshots/pages/research/resultats-de-la-production-sur-les-arbres-pecher-a-lapplication-de-orthagrow-bloom-booster/index~lang-ar.html.jpg,site/research/resultats-de-la-production-sur-les-arbres-pecher-a-lapplication-de-orthagrow-bloom-booster/index~lang-ar.html
ar,04-Résultats sur les Agrumes - Moreco,https://moreco.ma/research/resultats-sur-les-agrumes-marisol-apres-lapplication-de-orthagrow-control/?lang=ar,screenshots/pages/research/resultats-sur-les-agrumes-marisol-apres-lapplication-de-orthagrow-control/index~lang-ar.html.jpg,site/research/resultats-sur-les-agrumes-marisol-apres-lapplication-de-orthagrow-control/index~lang-ar.html
ar,13-Résultats sur les cactus - Moreco,https://moreco.ma/research/resultats-sur-les-cactus-apres-lapplication-de-orthagrow-control/?lang=ar,screenshots/pages/research/resultats-sur-les-cactus-apres-lapplication-de-orthagrow-control/index~lang-ar.html.jpg,site/research/resultats-sur-les-cactus-apres-lapplication-de-orthagrow-control/index~lang-ar.html
ar,08-Résultats sur les carottes - Moreco,https://moreco.ma/research/resultats-sur-les-carottes-apres-lapplication-de-orthagrow-control-2/?lang=ar,screenshots/pages/research/resultats-sur-les-carottes-apres-lapplication-de-orthagrow-control-2/index~lang-ar.html.jpg,site/research/resultats-sur-les-carottes-apres-lapplication-de-orthagrow-control-2/index~lang-ar.html
ar,08-Résultats sur les carottes - Moreco,https://moreco.ma/research/resultats-sur-les-carottes-apres-lapplication-de-orthagrow-control/?lang=ar,screenshots/pages/research/resultats-sur-les-carottes-apres-lapplication-de-orthagrow-control/index~lang-ar.html.jpg,site/research/resultats-sur-les-carottes-apres-lapplication-de-orthagrow-control/index~lang-ar.html
ar,02-Résultats sur les fraises - Moreco,https://moreco.ma/research/resultats-sur-les-fraises-apres-lapplication-de-la-gamme-orthagrow/?lang=ar,screenshots/pages/research/resultats-sur-les-fraises-apres-lapplication-de-la-gamme-orthagrow/index~lang-ar.html.jpg,site/research/resultats-sur-les-fraises-apres-lapplication-de-la-gamme-orthagrow/index~lang-ar.html
ar,07-Résultats sur les melons - Moreco,https://moreco.ma/research/resultats-sur-les-melons-jaune-apres-lapplication-de-la-gamme-orthagrow/?lang=ar,screenshots/pages/research/resultats-sur-les-melons-jaune-apres-lapplication-de-la-gamme-orthagrow/index~lang-ar.html.jpg,site/research/resultats-sur-les-melons-jaune-apres-lapplication-de-la-gamme-orthagrow/index~lang-ar.html
ar,11- Résultats sur les Olives - Moreco,https://moreco.ma/research/resultats-sur-les-olives-apres-lapplication-de-orthagrow-control/?lang=ar,screenshots/pages/research/resultats-sur-les-olives-apres-lapplication-de-orthagrow-control/index~lang-ar.html.jpg,site/research/resultats-sur-les-olives-apres-lapplication-de-orthagrow-control/index~lang-ar.html
ar,06-Résultats pommes de terre - Moreco,https://moreco.ma/research/resultats-sur-les-pommes-de-terre-apres-lapplication-du-produit-orthagrow-control/?lang=ar,screenshots/pages/research/resultats-sur-les-pommes-de-terre-apres-lapplication-du-produit-orthagrow-control/index~lang-ar.html.jpg,site/research/resultats-sur-les-pommes-de-terre-apres-lapplication-du-produit-orthagrow-control/index~lang-ar.html
ar,01-Résultats sur les pommiers - Moreco,https://moreco.ma/research/resultats-sur-les-pommiers-apres-lapplication-des-produits-la-gamme-orthagrow/?lang=ar,screenshots/pages/research/resultats-sur-les-pommiers-apres-lapplication-des-produits-la-gamme-orthagrow/index~lang-ar.html.jpg,site/research/resultats-sur-les-pommiers-apres-lapplication-des-produits-la-gamme-orthagrow/index~lang-ar.html
ar,03- Résultats sur les tomates - Moreco,https://moreco.ma/research/resultats-sur-les-tomates-apres-lapplication-de-orthagrow-control/?lang=ar,screenshots/pages/research/resultats-sur-les-tomates-apres-lapplication-de-orthagrow-control/index~lang-ar.html.jpg,site/research/resultats-sur-les-tomates-apres-lapplication-de-orthagrow-control/index~lang-ar.html
ar,أثر الزراعة على الدورة البيولوجية والجيولوجية والكيميائية للسيليكيات Si,https://moreco.ma/%D8%A3%D8%AB%D8%B1-%D8%A7%D9%84%D8%B2%D8%B1%D8%A7%D8%B9%D8%A9-%D8%B9%D9%84%D9%89-%D8%A7%D9%84%D8%AF%D9%88%D8%B1%D8%A9-%D8%A7%D9%84%D8%A8%D9%8A%D9%88%D9%84%D9%88%D8%AC%D9%8A%D8%A9-%D9%88%D8%A7%D9%84/?lang=ar,screenshots/pages/أثر-الزراعة-على-الدورة-البيولوجية-وال/index~lang-ar.html.jpg,site/أثر-الزراعة-على-الدورة-البيولوجية-وال/index~lang-ar.html
ar,يمكن استعمال Clearox® كمنشط لبروكسيد الهيدروجين للأغراض العامة المختلفة.,https://moreco.ma/%D8%A3%D8%BA%D8%B1%D8%A7%D8%B6-%D8%B9%D8%A7%D9%85%D8%A9/clearox-ar/?lang=ar,screenshots/pages/أغراض-عامة/clearox-ar/index~lang-ar.html.jpg,site/أغراض-عامة/clearox-ar/index~lang-ar.html
ar,تطهير بيئة من بيروكسيد الهيدروجين للاستخدام العام.,https://moreco.ma/%D8%A3%D8%BA%D8%B1%D8%A7%D8%B6-%D8%B9%D8%A7%D9%85%D8%A9/?lang=ar,screenshots/pages/أغراض-عامة/index~lang-ar.html.jpg,site/أغراض-عامة/index~lang-ar.html
ar,BioXeco، الجيل الجديد من مطهر القابلة للتحلل,https://moreco.ma/%D8%A3%D8%BA%D8%B1%D8%A7%D8%B6-%D8%B9%D8%A7%D9%85%D8%A9/%D8%AE%D8%B7-%D8%A5%D9%86%D8%AA%D8%A7%D8%AC-bioxeco/?lang=ar,screenshots/pages/أغراض-عامة/خط-إنتاج-bioxeco/index~lang-ar.html.jpg,site/أغراض-عامة/خط-إنتاج-bioxeco/index~lang-ar.html
ar,منتجات Huwa-San Hygiene @ Home هي الحل الأمثل لتعقيم كل منازل.,https://moreco.ma/%D8%A3%D8%BA%D8%B1%D8%A7%D8%B6-%D8%B9%D8%A7%D9%85%D8%A9/%D8%AE%D8%B7-%D8%A5%D9%86%D8%AA%D8%A7%D8%AC-huwa-san/hygiene-home/?lang=ar,screenshots/pages/أغراض-عامة/خط-إنتاج-huwa-san/hygiene-home/index~lang-ar.html.jpg,site/أغراض-عامة/خط-إنتاج-huwa-san/hygiene-home/index~lang-ar.html
ar,Huwa-San هو جيل جديد من التطهير القابلة للتحلل .,https://moreco.ma/%D8%A3%D8%BA%D8%B1%D8%A7%D8%B6-%D8%B9%D8%A7%D9%85%D8%A9/%D8%AE%D8%B7-%D8%A5%D9%86%D8%AA%D8%A7%D8%AC-huwa-san/?lang=ar,screenshots/pages/أغراض-عامة/خط-إنتاج-huwa-san/index~lang-ar.html.jpg,site/أغراض-عامة/خط-إنتاج-huwa-san/index~lang-ar.html
ar,Huwa San Pool هو مطهر المياه فعالة جدا للبيئة.,https://moreco.ma/%D8%A3%D8%BA%D8%B1%D8%A7%D8%B6-%D8%B9%D8%A7%D9%85%D8%A9/%D8%AE%D8%B7-%D8%A5%D9%86%D8%AA%D8%A7%D8%AC-huwa-san/pool/?lang=ar,screenshots/pages/أغراض-عامة/خط-إنتاج-huwa-san/pool/index~lang-ar.html.jpg,site/أغراض-عامة/خط-إنتاج-huwa-san/pool/index~lang-ar.html
ar,Huwa-San Hard Surface للمطابخ صناعية,https://moreco.ma/%D8%A3%D8%BA%D8%B1%D8%A7%D8%B6-%D8%B9%D8%A7%D9%85%D8%A9/%D8%AE%D8%B7-%D8%A5%D9%86%D8%AA%D8%A7%D8%AC-huwa-san/%D8%A7%D9%84%D8%AA%D8%B7%D9%87%D9%8A%D8%B1-%D8%A7%D9%84%D9%85%D9%87%D9%86%D9%8A/hard-surface/?lang=ar,screenshots/pages/أغراض-عامة/خط-إنتاج-huwa-san/التطهير-المهني/hard-surface/index~lang-ar.html.jpg,site/أغراض-عامة/خط-إنتاج-huwa-san/التطهير-المهني/hard-surface/index~lang-ar.html
ar,Huwa-San هو جيل جديد من التعقيم القابلة للتحلل.,https://moreco.ma/%D8%A3%D8%BA%D8%B1%D8%A7%D8%B6-%D8%B9%D8%A7%D9%85%D8%A9/%D8%AE%D8%B7-%D8%A5%D9%86%D8%AA%D8%A7%D8%AC-huwa-san/%D8%A7%D9%84%D8%AA%D8%B7%D9%87%D9%8A%D8%B1-%D8%A7%D9%84%D9%85%D9%87%D9%86%D9%8A/?lang=ar,screenshots/pages/أغراض-عامة/خط-إنتاج-huwa-san/التطهير-المهني/index~lang-ar.html.jpg,site/أغراض-عامة/خط-إنتاج-huwa-san/التطهير-المهني/index~lang-ar.html
ar,Huwa-San AGRO تحسن نمو الجذور، واستهلاك الأوكسجين والصحة العامة للمصنع,https://moreco.ma/%D8%A3%D8%BA%D8%B1%D8%A7%D8%B6-%D8%B9%D8%A7%D9%85%D8%A9/%D8%AE%D8%B7-%D8%A5%D9%86%D8%AA%D8%A7%D8%AC-huwa-san/%D8%A7%D9%84%D8%AA%D8%B7%D9%87%D9%8A%D8%B1-%D8%A7%D9%84%D9%85%D9%87%D9%86%D9%8A/%D8%A7%D9%84%D8%B2%D8%B1%D8%A7%D8%B9%D8%A9/?lang=ar,screenshots/pages/أغراض-عامة/خط-إنتاج-huwa-san/التطهير-المهني/الزراعة/index~lang-ar.html.jpg,site/أغراض-عامة/خط-إنتاج-huwa-san/التطهير-المهني/الزراعة/index~lang-ar.html
ar,يعتبر مثاليا للتطهير Huwa-San Food & Beverage,https://moreco.ma/%D8%A3%D8%BA%D8%B1%D8%A7%D8%B6-%D8%B9%D8%A7%D9%85%D8%A9/%D8%AE%D8%B7-%D8%A5%D9%86%D8%AA%D8%A7%D8%AC-huwa-san/%D8%A7%D9%84%D8%AA%D8%B7%D9%87%D9%8A%D8%B1-%D8%A7%D9%84%D9%85%D9%87%D9%86%D9%8A/%D8%A7%D9%84%D9%85%D8%A3%D9%83%D9%88%D9%84%D8%A7%D8%AA-%D9%88-%D8%A7%D9%84%D9%85%D8%B4%D8%B1%D9%88%D8%A8%D8%A7%D8%AA/?lang=ar,screenshots/pages/أغراض-عامة/خط-إنتاج-huwa-san/التطهير-المهني/المأكولات-و-المشروبات/index~lang-ar.html.jpg,site/أغراض-عامة/خط-إنتاج-huwa-san/التطهير-المهني/المأكولات-و-المشروبات/index~lang-ar.html
ar,Huwa-San VET أنه يحسن صحة الحيوانات والحد من استخدام المضادات الحيوية لتحسين نوعية المياه.,https://moreco.ma/%D8%A3%D8%BA%D8%B1%D8%A7%D8%B6-%D8%B9%D8%A7%D9%85%D8%A9/%D8%AE%D8%B7-%D8%A5%D9%86%D8%AA%D8%A7%D8%AC-huwa-san/%D8%A7%D9%84%D8%AA%D8%B7%D9%87%D9%8A%D8%B1-%D8%A7%D9%84%D9%85%D9%87%D9%86%D9%8A/%D8%A8%D9%8A%D8%B7%D8%B1%D9%8A/?lang=ar,screenshots/pages/أغراض-عامة/خط-إنتاج-huwa-san/التطهير-المهني/بيطري/index~lang-ar.html.jpg,site/أغراض-عامة/خط-إنتاج-huwa-san/التطهير-المهني/بيطري/index~lang-ar.html
ar,Huwa-San 50 WT مناسبة لقتل البكتيريا والفطريات والفيروسات والجراثيم والطحالب والأميبا.,https://moreco.ma/%D8%A3%D8%BA%D8%B1%D8%A7%D8%B6-%D8%B9%D8%A7%D9%85%D8%A9/%D8%AE%D8%B7-%D8%A5%D9%86%D8%AA%D8%A7%D8%AC-huwa-san/%D8%A7%D9%84%D8%AA%D8%B7%D9%87%D9%8A%D8%B1-%D8%A7%D9%84%D9%85%D9%87%D9%86%D9%8A/%D9%85%D8%B9%D8%A7%D9%84%D8%AC%D8%A9-%D8%A7%D9%84%D9%85%D9%8A%D8%A7%D9%87/?lang=ar,screenshots/pages/أغراض-عامة/خط-إنتاج-huwa-san/التطهير-المهني/معالجة-المياه/index~lang-ar.html.jpg,site/أغراض-عامة/خط-إنتاج-huwa-san/التطهير-المهني/معالجة-المياه/index~lang-ar.html
ar,أهمية السيليسيوم,https://moreco.ma/%D8%A3%D9%87%D9%85%D9%8A%D8%A9-%D8%A7%D9%84%D8%B3%D9%8A%D9%84%D9%8A%D8%B3%D9%8A%D9%88%D9%85/?lang=ar,screenshots/pages/أهمية-السيليسيوم/index~lang-ar.html.jpg,site/أهمية-السيليسيوم/index~lang-ar.html
ar,الأخبار - Moreco,https://moreco.ma/%D8%A7%D9%84%D8%A3%D8%AE%D8%A8%D8%A7%D8%B1/?lang=ar,screenshots/pages/الأخبار/index~lang-ar.html.jpg,site/الأخبار/index~lang-ar.html
ar,يقدم MORECO السيليكون النشطة بيولوجيا التي يمكن استيعابها من قبل البشر,https://moreco.ma/%D8%A7%D9%84%D8%A8%D8%B4%D8%B1/?lang=ar,screenshots/pages/البشر/index~lang-ar.html.jpg,site/البشر/index~lang-ar.html
ar,Mavita خط الانتاج مع استوعبت تماما OSA,https://moreco.ma/%D8%A7%D9%84%D8%A8%D8%B4%D8%B1/%D8%AE%D8%B7-%D8%A5%D9%86%D8%AA%D8%A7%D8%AC-mavita/?lang=ar,screenshots/pages/البشر/خط-إنتاج-mavita/index~lang-ar.html.jpg,site/البشر/خط-إنتاج-mavita/index~lang-ar.html
ar,اكتشف الصحة العامة الجديدة مع Mavita Beauty,https://moreco.ma/%D8%A7%D9%84%D8%A8%D8%B4%D8%B1/%D8%AE%D8%B7-%D8%A5%D9%86%D8%AA%D8%A7%D8%AC-mavita/mavita-beauty/?lang=ar,screenshots/pages/البشر/خط-إنتاج-mavita/mavita-beauty/index~lang-ar.html.jpg,site/البشر/خط-إنتاج-mavita/mavita-beauty/index~lang-ar.html
ar,هو التعليق تنشيط بيولوجيا من السيليكا والمعادن 10 مختارة Mavita الصحة,https://moreco.ma/%D8%A7%D9%84%D8%A8%D8%B4%D8%B1/%D8%AE%D8%B7-%D8%A5%D9%86%D8%AA%D8%A7%D8%AC-mavita/mavita-health/?lang=ar,screenshots/pages/البشر/خط-إنتاج-mavita/mavita-health/index~lang-ar.html.jpg,site/البشر/خط-إنتاج-mavita/mavita-health/index~lang-ar.html
ar,اكتشف الفوائد العامة الجديدة من خلال Mavita Luxe,https://moreco.ma/%D8%A7%D9%84%D8%A8%D8%B4%D8%B1/%D8%AE%D8%B7-%D8%A5%D9%86%D8%AA%D8%A7%D8%AC-mavita/mavita-luxe/?lang=ar,screenshots/pages/البشر/خط-إنتاج-mavita/mavita-luxe/index~lang-ar.html.jpg,site/البشر/خط-إنتاج-mavita/mavita-luxe/index~lang-ar.html
ar,MAVITA Slim+هو البديل المثالي لوجبتك الغذائية,https://moreco.ma/%D8%A7%D9%84%D8%A8%D8%B4%D8%B1/%D8%AE%D8%B7-%D8%A5%D9%86%D8%AA%D8%A7%D8%AC-mavita/mavita-slim-maca/?lang=ar,screenshots/pages/البشر/خط-إنتاج-mavita/mavita-slim-maca/index~lang-ar.html.jpg,site/البشر/خط-إنتاج-mavita/mavita-slim-maca/index~lang-ar.html
ar,Mavita Sport: معلق نشط من السيليكا المتاحة بيولوجياً و8 معادن مختارة.,https://moreco.ma/%D8%A7%D9%84%D8%A8%D8%B4%D8%B1/%D8%AE%D8%B7-%D8%A5%D9%86%D8%AA%D8%A7%D8%AC-mavita/mavita-sport/?lang=ar,screenshots/pages/البشر/خط-إنتاج-mavita/mavita-sport/index~lang-ar.html.jpg,site/البشر/خط-إنتاج-mavita/mavita-sport/index~lang-ar.html
ar,Mavita Stress-plex اشعر بالفرق في حياتك مع,https://moreco.ma/%D8%A7%D9%84%D8%A8%D8%B4%D8%B1/%D8%AE%D8%B7-%D8%A5%D9%86%D8%AA%D8%A7%D8%AC-mavita/mavita-stress-plex/?lang=ar,screenshots/pages/البشر/خط-إنتاج-mavita/mavita-stress-plex/index~lang-ar.html.jpg,site/البشر/خط-إنتاج-mavita/mavita-stress-plex/index~lang-ar.html
ar,التغذية الورقية للمحاصيل: حقائق وخرافات ووجهات النظر,https://moreco.ma/%D8%A7%D9%84%D8%AA%D8%BA%D8%B0%D9%8A%D8%A9-%D8%A7%D9%84%D9%88%D8%B1%D9%82%D9%8A%D8%A9-%D9%84%D9%84%D9%85%D8%AD%D8%A7%D8%B5%D9%8A%D9%84-%D8%AD%D9%82%D8%A7%D8%A6%D9%82-%D9%88%D8%AE%D8%B1%D8%A7%D9%81/?lang=ar,screenshots/pages/التغذية-الورقية-للمحاصيل-حقائق-وخراف/index~lang-ar.html.jpg,site/التغذية-الورقية-للمحاصيل-حقائق-وخراف/index~lang-ar.html
ar,التغذية والشعر: الإختلالات والإضافات,https://moreco.ma/%D8%A7%D9%84%D8%AA%D8%BA%D8%B0%D9%8A%D8%A9-%D9%88%D8%A7%D9%84%D8%B4%D8%B9%D8%B1-%D8%A7%D9%84%D8%A5%D8%AE%D8%AA%D9%84%D8%A7%D9%84%D8%A7%D8%AA-%D9%88%D8%A7%D9%84%D8%A5%D8%B6%D8%A7%D9%81%D8%A7%D8%AA/?lang=ar,screenshots/pages/التغذية-والشعر-الإختلالات-والإضافات/index~lang-ar.html.jpg,site/التغذية-والشعر-الإختلالات-والإضافات/index~lang-ar.html
ar,هو جيل جديد من التعقيم القابلة للتحلل. المنتجات Huwa-Sanهي المطهرات البيئية على أساس ب,https://moreco.ma/%D8%A7%D9%84%D8%AD%D9%8A%D9%88%D8%A7%D9%86%D8%A7%D8%AA/huwa-san-for-animals/?lang=ar,screenshots/pages/الحيوانات/huwa-san-for-animals/index~lang-ar.html.jpg,site/الحيوانات/huwa-san-for-animals/index~lang-ar.html
ar,تعزيز الصحة ونوعية حياة الحيوانات عن طريق نموذج قابل للامتصاص من السليكون.,https://moreco.ma/%D8%A7%D9%84%D8%AD%D9%8A%D9%88%D8%A7%D9%86%D8%A7%D8%AA/?lang=ar,screenshots/pages/الحيوانات/index~lang-ar.html.jpg,site/الحيوانات/index~lang-ar.html
ar,ORTHAHEALTH يعزز الصحة ونوعية الحياة من الحيوانات عن طريق شكل قابل للامتصاص نشطة بيولوجيا على براءة اختراع من السليكون.,https://moreco.ma/%D8%A7%D9%84%D8%AD%D9%8A%D9%88%D8%A7%D9%86%D8%A7%D8%AA/orthahealth-ar/?lang=ar,screenshots/pages/الحيوانات/orthahealth-ar/index~lang-ar.html.jpg,site/الحيوانات/orthahealth-ar/index~lang-ar.html
ar,Moreco المنتجات الزراعية تحتوي على شكل امتصاص براءة اختراع من OSA.,https://moreco.ma/%D8%A7%D9%84%D8%B2%D8%B1%D8%A7%D8%B9%D8%A9%D8%A7%D9%84%D8%A8%D8%B3%D8%AA%D9%86%D8%A9/?lang=ar,screenshots/pages/الزراعةالبستنة/index~lang-ar.html.jpg,site/الزراعةالبستنة/index~lang-ar.html
ar,OrthaFight يمنع ويقتل الفطريات,https://moreco.ma/%D8%A7%D9%84%D8%B2%D8%B1%D8%A7%D8%B9%D8%A9%D8%A7%D9%84%D8%A8%D8%B3%D8%AA%D9%86%D8%A9/%D8%AE%D8%B7-%D9%85%D9%86%D8%AA%D8%AC%D8%A7%D8%AA-orthafight/?lang=ar,screenshots/pages/الزراعةالبستنة/خط-منتجات-orthafight/index~lang-ar.html.jpg,site/الزراعةالبستنة/خط-منتجات-orthafight/index~lang-ar.html
ar,Orthagrow يقلل من الضغوط غير الحيوية ويحسن إنبات,http://moreco.ma/%D8%A7%D9%84%D8%B2%D8%B1%D8%A7%D8%B9%D8%A9%D8%A7%D9%84%D8%A8%D8%B3%D8%AA%D9%86%D8%A9/%D8%AE%D8%B7-%D9%85%D9%86%D8%AA%D8%AC%D8%A7%D8%AA-orthagrow/?lang=ar%20%E2%80%8E,screenshots/pages/الزراعةالبستنة/خط-منتجات-orthagrow/index~lang-ar%20%E2%80%8E.html.jpg,site/الزراعةالبستنة/خط-منتجات-orthagrow/index~lang-ar%20%E2%80%8E.html
ar,Orthagrow يقلل من الضغوط غير الحيوية ويحسن إنبات,https://moreco.ma/%D8%A7%D9%84%D8%B2%D8%B1%D8%A7%D8%B9%D8%A9%D8%A7%D9%84%D8%A8%D8%B3%D8%AA%D9%86%D8%A9/%D8%AE%D8%B7-%D9%85%D9%86%D8%AA%D8%AC%D8%A7%D8%AA-orthagrow/?lang=ar,screenshots/pages/الزراعةالبستنة/خط-منتجات-orthagrow/index~lang-ar.html.jpg,site/الزراعةالبستنة/خط-منتجات-orthagrow/index~lang-ar.html
ar,مبادئ توجيهية لاستخدام Orthagrow Control في الميدان ومراحل الرش,https://moreco.ma/%D8%A7%D9%84%D8%B2%D8%B1%D8%A7%D8%B9%D8%A9%D8%A7%D9%84%D8%A8%D8%B3%D8%AA%D9%86%D8%A9/%D8%AE%D8%B7-%D9%85%D9%86%D8%AA%D8%AC%D8%A7%D8%AA-orthagrow/%D8%A5%D8%B1%D8%B4%D8%A7%D8%AF%D8%A7%D8%AA-%D8%A7%D9%84%D8%A7%D8%B3%D8%AA%D8%B9%D9%85%D8%A7%D9%84-%D9%81%D9%8A-%D8%A7%D9%84%D8%AD%D9%82%D9%84/?lang=ar,screenshots/pages/الزراعةالبستنة/خط-منتجات-orthagrow/إرشادات-الاستعمال-في-الحقل/index~lang-ar.html.jpg,site/الزراعةالبستنة/خط-منتجات-orthagrow/إرشادات-الاستعمال-في-الحقل/index~lang-ar.html
ar,القدرة العلاجية للحمض السيليسيكي,https://moreco.ma/%D8%A7%D9%84%D9%82%D8%AF%D8%B1%D8%A9-%D8%A7%D9%84%D8%B9%D9%84%D8%A7%D8%AC%D9%8A%D8%A9-%D9%84%D9%84%D8%AD%D9%85%D8%B6-%D8%A7%D9%84%D8%B3%D9%8A%D9%84%D9%8A%D8%B3%D9%8A%D9%83%D9%8A/?lang=ar,screenshots/pages/القدرة-العلاجية-للحمض-السيليسيكي/index~lang-ar.html.jpg,site/القدرة-العلاجية-للحمض-السيليسيكي/index~lang-ar.html
ar,Moreco توزيع المنتجات مع شكل قابل للامتصاص من السيليكون (OSA).,https://moreco.ma/%D8%A7%D9%84%D9%85%D9%86%D8%AA%D8%AC%D8%A7%D8%AA/?lang=ar,screenshots/pages/المنتجات/index~lang-ar.html.jpg,site/المنتجات/index~lang-ar.html
ar,نتائج أبحاثنا لجميع المنتجات في Moreco,https://moreco.ma/%D8%A8%D8%AD%D8%AB-%D8%B9%D9%86-%D8%A7%D9%84%D9%85%D9%86%D8%AA%D8%AC%D8%A7%D8%AA/?lang=ar,screenshots/pages/بحث-عن-المنتجات/index~lang-ar.html.jpg,site/بحث-عن-المنتجات/index~lang-ar.html
ar,نتائج أبحاثنا لجميع المنتجات في Moreco,https://moreco.ma/%D8%A8%D8%AD%D8%AB-%D8%B9%D9%86-%D8%A7%D9%84%D9%85%D9%86%D8%AA%D8%AC%D8%A7%D8%AA/page/2/?lang=ar,screenshots/pages/بحث-عن-المنتجات/page/2/index~lang-ar.html.jpg,site/بحث-عن-المنتجات/page/2/index~lang-ar.html
ar,نتائج أبحاثنا لجميع المنتجات في Moreco,https://moreco.ma/%D8%A8%D8%AD%D8%AB-%D8%B9%D9%86-%D8%A7%D9%84%D9%85%D9%86%D8%AA%D8%AC%D8%A7%D8%AA/page/3/?lang=ar,screenshots/pages/بحث-عن-المنتجات/page/3/index~lang-ar.html.jpg,site/بحث-عن-المنتجات/page/3/index~lang-ar.html
ar,وتستند معظم خطوط الإنتاج Moreco على السيليكون لمختلف التطبيقات,https://moreco.ma/%D8%AA%D8%B7%D8%A8%D9%8A%D9%82%D8%A7%D8%AA/?lang=ar,screenshots/pages/تطبيقات/index~lang-ar.html.jpg,site/تطبيقات/index~lang-ar.html
ar,خليط مافيتا هيلث Mavita Health يساعد على تقوية جهاز المناعة,https://moreco.ma/%D8%AE%D9%84%D9%8A%D8%B7-%D9%85%D8%A7%D9%81%D9%8A%D8%AA%D8%A7-%D9%87%D9%8A%D9%84%D8%AB-mavita-health-%D9%8A%D8%B3%D8%A7%D8%B9%D8%AF-%D8%B9%D9%84%D9%89-%D8%AA%D9%82%D9%88%D9%8A%D8%A9-%D8%AC%D9%87%D8%A7/?lang=ar,screenshots/pages/خليط-مافيتا-هيلث-mavita-health-يساعد-على-تقوية-جها/index~lang-ar.html.jpg,site/خليط-مافيتا-هيلث-mavita-health-يساعد-على-تقوية-جها/index~lang-ar.html
ar,دراسة التوافر البيولوجي لــ OSA,https://moreco.ma/%D8%AF%D8%B1%D8%A7%D8%B3%D8%A9-%D8%A7%D9%84%D8%AA%D9%88%D8%A7%D9%81%D8%B1-%D8%A7%D9%84%D8%A8%D9%8A%D9%88%D9%84%D9%88%D8%AC%D9%8A-%D9%84%D9%80%D9%80-osa/?lang=ar,screenshots/pages/دراسة-التوافر-البيولوجي-لــ-osa/index~lang-ar.html.jpg,site/دراسة-التوافر-البيولوجي-لــ-osa/index~lang-ar.html
ar,منتجات Moreco - Moreco,https://moreco.ma/%D9%85%D9%86%D8%AA%D8%AC%D8%A7%D8%AA-moreco/?lang=ar,screenshots/pages/منتجات-moreco/index~lang-ar.html.jpg,site/منتجات-moreco/index~lang-ar.html
ar,وثائق الإعلام والمناسبات القادمة,https://moreco.ma/%D9%88%D8%AB%D8%A7%D8%A6%D9%82-%D8%A7%D9%84%D8%A5%D8%B9%D9%84%D8%A7%D9%85-%D9%88%D8%A7%D9%84%D9%85%D9%86%D8%A7%D8%B3%D8%A8%D8%A7%D8%AA-%D8%A7%D9%84%D9%82%D8%A7%D8%AF%D9%85%D8%A9/?lang=ar,screenshots/pages/وثائق-الإعلام-والمناسبات-القادمة/index~lang-ar.html.jpg,site/وثائق-الإعلام-والمناسبات-القادمة/index~lang-ar.html
en,June 2011 - Moreco,https://moreco.ma/2011/06/?lang=en,screenshots/pages/2011/06/index~lang-en.html.jpg,site/2011/06/index~lang-en.html
en,2011 - Moreco,https://moreco.ma/2011/?lang=en,screenshots/pages/2011/index~lang-en.html.jpg,site/2011/index~lang-en.html
en,January 2012 - Moreco,https://moreco.ma/2012/01/?lang=en,screenshots/pages/2012/01/index~lang-en.html.jpg,site/2012/01/index~lang-en.html
en,November 2012 - Moreco,https://moreco.ma/2012/11/?lang=en,screenshots/pages/2012/11/index~lang-en.html.jpg,site/2012/11/index~lang-en.html
en,2012 - Moreco,https://moreco.ma/2012/?lang=en,screenshots/pages/2012/index~lang-en.html.jpg,site/2012/index~lang-en.html
en,March 2013 - Moreco,https://moreco.ma/2013/03/?lang=en,screenshots/pages/2013/03/index~lang-en.html.jpg,site/2013/03/index~lang-en.html
en,May 2013 - Moreco,https://moreco.ma/2013/05/?lang=en,screenshots/pages/2013/05/index~lang-en.html.jpg,site/2013/05/index~lang-en.html
en,2013 - Moreco,https://moreco.ma/2013/?lang=en,screenshots/pages/2013/index~lang-en.html.jpg,site/2013/index~lang-en.html
en,February 2014 - Moreco,https://moreco.ma/2014/02/?lang=en,screenshots/pages/2014/02/index~lang-en.html.jpg,site/2014/02/index~lang-en.html
en,November 2014 - Moreco,https://moreco.ma/2014/11/?lang=en,screenshots/pages/2014/11/index~lang-en.html.jpg,site/2014/11/index~lang-en.html
en,2014 - Moreco,https://moreco.ma/2014/?lang=en,screenshots/pages/2014/index~lang-en.html.jpg,site/2014/index~lang-en.html
en,Moreco agriculture products contain a patented absorbing form of OSA.,https://moreco.ma/agri-horticulture/?lang=en,screenshots/pages/agri-horticulture/index~lang-en.html.jpg,site/agri-horticulture/index~lang-en.html
en,OrthaFight prevents and kills fungus in plants,https://moreco.ma/agri-horticulture/orthafight-productline/?lang=en,screenshots/pages/agri-horticulture/orthafight-productline/index~lang-en.html.jpg,site/agri-horticulture/orthafight-productline/index~lang-en.html
en,Guidelines for use of Orthagrow Control in the field and stages of spraying,https://moreco.ma/agri-horticulture/orthagrow-productline/guidelines-use-field/?lang=en,screenshots/pages/agri-horticulture/orthagrow-productline/guidelines-use-field/index~lang-en.html.jpg,site/agri-horticulture/orthagrow-productline/guidelines-use-field/index~lang-en.html
en,Orthagrow reduces abiotic stresses and improves germination,https://moreco.ma/agri-horticulture/orthagrow-productline/?lang=en,screenshots/pages/agri-horticulture/orthagrow-productline/index~lang-en.html.jpg,site/agri-horticulture/orthagrow-productline/index~lang-en.html
en,Huwa-San for animals - Moreco,https://moreco.ma/animals/huwa-san-for-animals/?lang=en,screenshots/pages/animals/huwa-san-for-animals/index~lang-en.html.jpg,site/animals/huwa-san-for-animals/index~lang-en.html
en,Enhance health and quality of life of animals by an absorbable form of Silicon.,https://moreco.ma/animals/?lang=en,screenshots/pages/animals/index~lang-en.html.jpg,site/animals/index~lang-en.html
en,ORTHAHEALTH enhances health and quality of life of animals by a patented biologically active absorble form of Silicon.,https://moreco.ma/animals/orthahealth/?lang=en,screenshots/pages/animals/orthahealth/index~lang-en.html.jpg,site/animals/orthahealth/index~lang-en.html
en,Most Moreco product lines are based on Silicon for various applications,https://moreco.ma/applications/?lang=en,screenshots/pages/applications/index~lang-en.html.jpg,site/applications/index~lang-en.html
en,Career opportunities at Moreco,https://moreco.ma/career-opportunities-moreco/?lang=en,screenshots/pages/career-opportunities-moreco/index~lang-en.html.jpg,site/career-opportunities-moreco/index~lang-en.html
en,Contact information Moreco,https://moreco.ma/contact/?lang=en,screenshots/pages/contact/index~lang-en.html.jpg,site/contact/index~lang-en.html
en,"Foliar nutrition of crops: Facts, Myths and Perspectives",https://moreco.ma/foliar-nutrition-of-crops-facts-myths-and-perspectives/?lang=en,screenshots/pages/foliar-nutrition-of-crops-facts-myths-and-perspectives/index~lang-en.html.jpg,site/foliar-nutrition-of-crops-facts-myths-and-perspectives/index~lang-en.html
en,"BioXeco, the new generation of biodegradable disinfectant",https://moreco.ma/general-use/bioxeco/?lang=en,screenshots/pages/general-use/bioxeco/index~lang-en.html.jpg,site/general-use/bioxeco/index~lang-en.html
en,Clearox® can be used as an activator for hydrogen peroxide for various general purposes.,https://moreco.ma/general-use/clearox/?lang=en,screenshots/pages/general-use/clearox/index~lang-en.html.jpg,site/general-use/clearox/index~lang-en.html
en,Huwa-San Hygiene @ Home products are the ideal solution for all household disinfection.,https://moreco.ma/general-use/huwa-san-productline/hygiene-home/?lang=en,screenshots/pages/general-use/huwa-san-productline/hygiene-home/index~lang-en.html.jpg,site/general-use/huwa-san-productline/hygiene-home/index~lang-en.html
en,Huwa-San is the new generation of biodegradable disinfection.,https://moreco.ma/general-use/huwa-san-productline/?lang=en,screenshots/pages/general-use/huwa-san-productline/index~lang-en.html.jpg,site/general-use/huwa-san-productline/index~lang-en.html
en,"Huwa-San for Pool: an eco-friendly, effective water disinfectant",https://moreco.ma/general-use/huwa-san-productline/pool/?lang=en,screenshots/pages/general-use/huwa-san-productline/pool/index~lang-en.html.jpg,site/general-use/huwa-san-productline/pool/index~lang-en.html
en,"Huwa-San AGRO optimizes root growth, oxygen uptake, plant health.",https://moreco.ma/general-use/huwa-san-productline/professional-disinfection-2/agriculture/?lang=en,screenshots/pages/general-use/huwa-san-productline/professional-disinfection-2/agriculture/index~lang-en.html.jpg,site/general-use/huwa-san-productline/professional-disinfection-2/agriculture/index~lang-en.html
en,Huwa-San Food & Beverage is ideal for disinfection,https://moreco.ma/general-use/huwa-san-productline/professional-disinfection-2/food-beverage/?lang=en,screenshots/pages/general-use/huwa-san-productline/professional-disinfection-2/food-beverage/index~lang-en.html.jpg,site/general-use/huwa-san-productline/professional-disinfection-2/food-beverage/index~lang-en.html
en,Huwa-San Hard Surface for industrial kitchens,https://moreco.ma/general-use/huwa-san-productline/professional-disinfection-2/hard-surface/?lang=en,screenshots/pages/general-use/huwa-san-productline/professional-disinfection-2/hard-surface/index~lang-en.html.jpg,site/general-use/huwa-san-productline/professional-disinfection-2/hard-surface/index~lang-en.html
en,Huwa-San for biodegradable professional disinfection.,https://moreco.ma/general-use/huwa-san-productline/professional-disinfection-2/?lang=en,screenshots/pages/general-use/huwa-san-productline/professional-disinfection-2/index~lang-en.html.jpg,site/general-use/huwa-san-productline/professional-disinfection-2/index~lang-en.html
en,Huwa-San VET improves the animal health and water quality,https://moreco.ma/general-use/huwa-san-productline/professional-disinfection-2/veterinary/?lang=en,screenshots/pages/general-use/huwa-san-productline/professional-disinfection-2/veterinary/index~lang-en.html.jpg,site/general-use/huwa-san-productline/professional-disinfection-2/veterinary/index~lang-en.html
en,"Huwa-San 50 WT is suitable to kill bacteria, fungi, viruses, spores, algae and amoebae.",https://moreco.ma/general-use/huwa-san-productline/professional-disinfection-2/water-treatment/?lang=en,screenshots/pages/general-use/huwa-san-productline/professional-disinfection-2/water-treatment/index~lang-en.html.jpg,site/general-use/huwa-san-productline/professional-disinfection-2/water-treatment/index~lang-en.html
en,Huwa-San is the new generation of biodegradable disinfection.,https://moreco.ma/general-use/?lang=en,screenshots/pages/general-use/index~lang-en.html.jpg,site/general-use/index~lang-en.html
en,MORECO offers a biologically active silicon that can be absorbed by humans,https://moreco.ma/humans/?lang=en,screenshots/pages/humans/index~lang-en.html.jpg,site/humans/index~lang-en.html
en,Mavita Productline with fully absorbed OSA,https://moreco.ma/humans/mavita-productline/?lang=en,screenshots/pages/humans/mavita-productline/index~lang-en.html.jpg,site/humans/mavita-productline/index~lang-en.html
en,Discover a new general wellbeing with Mavita Beauty,https://moreco.ma/humans/mavita-productline/mavita-beauty/?lang=en,screenshots/pages/humans/mavita-productline/mavita-beauty/index~lang-en.html.jpg,site/humans/mavita-productline/mavita-beauty/index~lang-en.html
en,Mavita Health is an energized suspension of bioavailable silica and 10 selected MINERALS,https://moreco.ma/humans/mavita-productline/mavita-health/?lang=en,screenshots/pages/humans/mavita-productline/mavita-health/index~lang-en.html.jpg,site/humans/mavita-productline/mavita-health/index~lang-en.html
en,Mavita Luxe,https://moreco.ma/humans/mavita-productline/mavita-luxe/?lang=en,screenshots/pages/humans/mavita-productline/mavita-luxe/index~lang-en.html.jpg,site/humans/mavita-productline/mavita-luxe/index~lang-en.html
en,Mavita Slim+ is your perfect meal replacement shake,https://moreco.ma/humans/mavita-productline/mavita-slim-maca/?lang=en,screenshots/pages/humans/mavita-productline/mavita-slim-maca/index~lang-en.html.jpg,site/humans/mavita-productline/mavita-slim-maca/index~lang-en.html
en,Mavita Sport: Energized suspension of bioavailable silica and 8 selected MINERALS,https://moreco.ma/humans/mavita-productline/mavita-sport/?lang=en,screenshots/pages/humans/mavita-productline/mavita-sport/index~lang-en.html.jpg,site/humans/mavita-productline/mavita-sport/index~lang-en.html
en,Feel the difference in your overall well-being with Mavita Stress-plex,https://moreco.ma/humans/mavita-productline/mavita-stress-plex/?lang=en,screenshots/pages/humans/mavita-productline/mavita-stress-plex/index~lang-en.html.jpg,site/humans/mavita-productline/mavita-stress-plex/index~lang-en.html
en,The therapeutic potential of silicic acid,https://moreco.ma/hydroxyaluminosilicates-and-the-therapeutic-potential-of-silicic-acid/?lang=en,screenshots/pages/hydroxyaluminosilicates-and-the-therapeutic-potential-of-silicic-acid/index~lang-en.html.jpg,site/hydroxyaluminosilicates-and-the-therapeutic-potential-of-silicic-acid/index~lang-en.html
en,Impact of agriculture on the Si biogeochemical cycle,https://moreco.ma/impact-of-agriculture-on-the-si-biogeochemical-cycle/?lang=en,screenshots/pages/impact-of-agriculture-on-the-si-biogeochemical-cycle/index~lang-en.html.jpg,site/impact-of-agriculture-on-the-si-biogeochemical-cycle/index~lang-en.html
en,"Moreco, Silicon for humans, plants, animals and general use",https://moreco.ma/?lang=en,screenshots/pages/index~lang-en.html.jpg,site/index~lang-en.html
en,Mavita Health supports the immune system: the basis for a good health,https://moreco.ma/mavita-health-supports-immune-system/?lang=en,screenshots/pages/mavita-health-supports-immune-system/index~lang-en.html.jpg,site/mavita-health-supports-immune-system/index~lang-en.html
en,Media files and upcoming events - Moreco,https://moreco.ma/media/?lang=en,screenshots/pages/media/index~lang-en.html.jpg,site/media/index~lang-en.html
en,Moreco products - Moreco,https://moreco.ma/moreco-products/?lang=en,screenshots/pages/moreco-products/index~lang-en.html.jpg,site/moreco-products/index~lang-en.html
en,News - Moreco,https://moreco.ma/news/?lang=en,screenshots/pages/news/index~lang-en.html.jpg,site/news/index~lang-en.html
en,Nutrition and Hair: Deficiencies and Supplements,https://moreco.ma/nutrition-and-hair-deficiencies-and-supplements/?lang=en,screenshots/pages/nutrition-and-hair-deficiencies-and-supplements/index~lang-en.html.jpg,site/nutrition-and-hair-deficiencies-and-supplements/index~lang-en.html
en,OSA bioavailability cross-over study,https://moreco.ma/osa-bioavailability-cross-over-study/?lang=en,screenshots/pages/osa-bioavailability-cross-over-study/index~lang-en.html.jpg,site/osa-bioavailability-cross-over-study/index~lang-en.html
en,Moreco distributes products with an absorbable form of Silicon (OSA).,https://moreco.ma/products/?lang=en,screenshots/pages/products/index~lang-en.html.jpg,site/products/index~lang-en.html
en,Registration for Launch Moreco at SIAM MEKNES Morocco,https://moreco.ma/registration-for-launch-moreco/?lang=en,screenshots/pages/registration-for-launch-moreco/index~lang-en.html.jpg,site/registration-for-launch-moreco/index~lang-en.html
en,Research for all products - Moreco,https://moreco.ma/research-products/?lang=en,screenshots/pages/research-products/index~lang-en.html.jpg,site/research-products/index~lang-en.html
en,15-Résultats sur les grapes - Moreco,https://moreco.ma/research/15-resultats-sur-les-grapes/?lang=en,screenshots/pages/research/15-resultats-sur-les-grapes/index~lang-en.html.jpg,site/research/15-resultats-sur-les-grapes/index~lang-en.html
en,16-Résultats sur les prunes - Moreco,https://moreco.ma/research/16-resultats-sur-les-prunes/?lang=en,screenshots/pages/research/16-resultats-sur-les-prunes/index~lang-en.html.jpg,site/research/16-resultats-sur-les-prunes/index~lang-en.html
en,17- Résultats sur les Framboises - Moreco,https://moreco.ma/research/17-resultats-sur-les-framboises/?lang=en,screenshots/pages/research/17-resultats-sur-les-framboises/index~lang-en.html.jpg,site/research/17-resultats-sur-les-framboises/index~lang-en.html
en,18- Résultats sur les oignons - Moreco,https://moreco.ma/research/18-resultats-sur-les-oignons/?lang=en,screenshots/pages/research/18-resultats-sur-les-oignons/index~lang-en.html.jpg,site/research/18-resultats-sur-les-oignons/index~lang-en.html
en,19- Résultats sur le Gazon - Moreco,https://moreco.ma/research/19-resultats-sur-le-gazon/?lang=en,screenshots/pages/research/19-resultats-sur-le-gazon/index~lang-en.html.jpg,site/research/19-resultats-sur-le-gazon/index~lang-en.html
en,10- Résultats sur les poivrons - Moreco,https://moreco.ma/research/effets-des-produits-orthagrow-sur-les-poivrons/?lang=en,screenshots/pages/research/effets-des-produits-orthagrow-sur-les-poivrons/index~lang-en.html.jpg,site/research/effets-des-produits-orthagrow-sur-les-poivrons/index~lang-en.html
en,09-Résultats sue le blé - Moreco,https://moreco.ma/research/resultats-de-la-production-de-ble-a-lapplication-de-orthagrow-granule/?lang=en,screenshots/pages/research/resultats-de-la-production-de-ble-a-lapplication-de-orthagrow-granule/index~lang-en.html.jpg,site/research/resultats-de-la-production-de-ble-a-lapplication-de-orthagrow-granule/index~lang-en.html
en,14-Résultats sur le QUINOA - Moreco,https://moreco.ma/research/resultats-de-la-production-de-guinoa-a-lapplication-de-orthagrow-control/?lang=en,screenshots/pages/research/resultats-de-la-production-de-guinoa-a-lapplication-de-orthagrow-control/index~lang-en.html.jpg,site/research/resultats-de-la-production-de-guinoa-a-lapplication-de-orthagrow-control/index~lang-en.html
en,12-Résultats maïs d'ensilage - Moreco,https://moreco.ma/research/resultats-de-la-production-de-mais-densilage-a-lapplication-de-orthagrow-poudre/?lang=en,screenshots/pages/research/resultats-de-la-production-de-mais-densilage-a-lapplication-de-orthagrow-poudre/index~lang-en.html.jpg,site/research/resultats-de-la-production-de-mais-densilage-a-lapplication-de-orthagrow-poudre/index~lang-en.html
en,05-Résultats sur les pêcher - Moreco,https://moreco.ma/research/resultats-de-la-production-sur-les-arbres-pecher-a-lapplication-de-orthagrow-bloom-booster/?lang=en,screenshots/pages/research/resultats-de-la-production-sur-les-arbres-pecher-a-lapplication-de-orthagrow-bloom-booster/index~lang-en.html.jpg,site/research/resultats-de-la-production-sur-les-arbres-pecher-a-lapplication-de-orthagrow-bloom-booster/index~lang-en.html
en,04-Résultats sur les Agrumes - Moreco,https://moreco.ma/research/resultats-sur-les-agrumes-marisol-apres-lapplication-de-orthagrow-control/?lang=en,screenshots/pages/research/resultats-sur-les-agrumes-marisol-apres-lapplication-de-orthagrow-control/index~lang-en.html.jpg,site/research/resultats-sur-les-agrumes-marisol-apres-lapplication-de-orthagrow-control/index~lang-en.html
en,13-Résultats sur les cactus - Moreco,https://moreco.ma/research/resultats-sur-les-cactus-apres-lapplication-de-orthagrow-control/?lang=en,screenshots/pages/research/resultats-sur-les-cactus-apres-lapplication-de-orthagrow-control/index~lang-en.html.jpg,site/research/resultats-sur-les-cactus-apres-lapplication-de-orthagrow-control/index~lang-en.html
en,08-Résultats sur les carottes - Moreco,https://moreco.ma/research/resultats-sur-les-carottes-apres-lapplication-de-orthagrow-control-2/?lang=en,screenshots/pages/research/resultats-sur-les-carottes-apres-lapplication-de-orthagrow-control-2/index~lang-en.html.jpg,site/research/resultats-sur-les-carottes-apres-lapplication-de-orthagrow-control-2/index~lang-en.html
en,08-Résultats sur les carottes - Moreco,https://moreco.ma/research/resultats-sur-les-carottes-apres-lapplication-de-orthagrow-control/?lang=en,screenshots/pages/research/resultats-sur-les-carottes-apres-lapplication-de-orthagrow-control/index~lang-en.html.jpg,site/research/resultats-sur-les-carottes-apres-lapplication-de-orthagrow-control/index~lang-en.html
en,02-Résultats sur les fraises - Moreco,https://moreco.ma/research/resultats-sur-les-fraises-apres-lapplication-de-la-gamme-orthagrow/?lang=en,screenshots/pages/research/resultats-sur-les-fraises-apres-lapplication-de-la-gamme-orthagrow/index~lang-en.html.jpg,site/research/resultats-sur-les-fraises-apres-lapplication-de-la-gamme-orthagrow/index~lang-en.html
en,07-Résultats sur les melons - Moreco,https://moreco.ma/research/resultats-sur-les-melons-jaune-apres-lapplication-de-la-gamme-orthagrow/?lang=en,screenshots/pages/research/resultats-sur-les-melons-jaune-apres-lapplication-de-la-gamme-orthagrow/index~lang-en.html.jpg,site/research/resultats-sur-les-melons-jaune-apres-lapplication-de-la-gamme-orthagrow/index~lang-en.html
en,11- Résultats sur les Olives - Moreco,https://moreco.ma/research/resultats-sur-les-olives-apres-lapplication-de-orthagrow-control/?lang=en,screenshots/pages/research/resultats-sur-les-olives-apres-lapplication-de-orthagrow-control/index~lang-en.html.jpg,site/research/resultats-sur-les-olives-apres-lapplication-de-orthagrow-control/index~lang-en.html
en,06-Résultats pommes de terre - Moreco,https://moreco.ma/research/resultats-sur-les-pommes-de-terre-apres-lapplication-du-produit-orthagrow-control/?lang=en,screenshots/pages/research/resultats-sur-les-pommes-de-terre-apres-lapplication-du-produit-orthagrow-control/index~lang-en.html.jpg,site/research/resultats-sur-les-pommes-de-terre-apres-lapplication-du-produit-orthagrow-control/index~lang-en.html
en,01-Résultats sur les pommiers - Moreco,https://moreco.ma/research/resultats-sur-les-pommiers-apres-lapplication-des-produits-la-gamme-orthagrow/?lang=en,screenshots/pages/research/resultats-sur-les-pommiers-apres-lapplication-des-produits-la-gamme-orthagrow/index~lang-en.html.jpg,site/research/resultats-sur-les-pommiers-apres-lapplication-des-produits-la-gamme-orthagrow/index~lang-en.html
en,03- Résultats sur les tomates - Moreco,https://moreco.ma/research/resultats-sur-les-tomates-apres-lapplication-de-orthagrow-control/?lang=en,screenshots/pages/research/resultats-sur-les-tomates-apres-lapplication-de-orthagrow-control/index~lang-en.html.jpg,site/research/resultats-sur-les-tomates-apres-lapplication-de-orthagrow-control/index~lang-en.html
en,The importance of silicon,https://moreco.ma/the-importance-of-silicon/?lang=en,screenshots/pages/the-importance-of-silicon/index~lang-en.html.jpg,site/the-importance-of-silicon/index~lang-en.html
fr,juin 2011 - Moreco,https://moreco.ma/2011/06/,screenshots/pages/2011/06/index.html.jpg,site/2011/06/index.html
fr,2011 - Moreco,https://moreco.ma/2011/,screenshots/pages/2011/index.html.jpg,site/2011/index.html
fr,janvier 2012 - Moreco,https://moreco.ma/2012/01/,screenshots/pages/2012/01/index.html.jpg,site/2012/01/index.html
fr,novembre 2012 - Moreco,https://moreco.ma/2012/11/,screenshots/pages/2012/11/index.html.jpg,site/2012/11/index.html
fr,2012 - Moreco,https://moreco.ma/2012/,screenshots/pages/2012/index.html.jpg,site/2012/index.html
fr,mars 2013 - Moreco,https://moreco.ma/2013/03/,screenshots/pages/2013/03/index.html.jpg,site/2013/03/index.html
fr,mai 2013 - Moreco,https://moreco.ma/2013/05/,screenshots/pages/2013/05/index.html.jpg,site/2013/05/index.html
fr,2013 - Moreco,https://moreco.ma/2013/,screenshots/pages/2013/index.html.jpg,site/2013/index.html
fr,février 2014 - Moreco,https://moreco.ma/2014/02/,screenshots/pages/2014/02/index.html.jpg,site/2014/02/index.html
fr,novembre 2014 - Moreco,https://moreco.ma/2014/11/,screenshots/pages/2014/11/index.html.jpg,site/2014/11/index.html
fr,2014 - Moreco,https://moreco.ma/2014/,screenshots/pages/2014/index.html.jpg,site/2014/index.html
fr,OrthaFight : Prévention et destruction de moisissures.,https://moreco.ma/agri-horticulture-fr/gamme-de-produits-orthafight/,screenshots/pages/agri-horticulture-fr/gamme-de-produits-orthafight/index.html.jpg,site/agri-horticulture-fr/gamme-de-produits-orthafight/index.html
fr,Directives pour L'emploi Orthagrow Control sur le terrain,https://moreco.ma/agri-horticulture-fr/gamme-de-produits-orthagrow/emploi-sur-le-terrain/,screenshots/pages/agri-horticulture-fr/gamme-de-produits-orthagrow/emploi-sur-le-terrain/index.html.jpg,site/agri-horticulture-fr/gamme-de-produits-orthagrow/emploi-sur-le-terrain/index.html
fr,Directives pour L'emploi Orthagrow Control sur le terrain,http://moreco.ma/agri-horticulture-fr/gamme-de-produits-orthagrow/emploi-sur-le-terrain/?lang=fr,screenshots/pages/agri-horticulture-fr/gamme-de-produits-orthagrow/emploi-sur-le-terrain/index~lang-fr.html.jpg,site/agri-horticulture-fr/gamme-de-produits-orthagrow/emploi-sur-le-terrain/index~lang-fr.html
fr,Orthagrow réduit le stress abiotique et agit aussi comme stimulateur améliorant la germination,http://moreco.ma/agri-horticulture-fr/gamme-de-produits-orthagrow/,screenshots/pages/agri-horticulture-fr/gamme-de-produits-orthagrow/index.html.jpg,site/agri-horticulture-fr/gamme-de-produits-orthagrow/index.html
fr,Orthagrow réduit le stress abiotique et agit aussi comme stimulateur améliorant la germination,http://moreco.ma/agri-horticulture-fr/gamme-de-produits-orthagrow/?lang=fr,screenshots/pages/agri-horticulture-fr/gamme-de-produits-orthagrow/index~lang-fr.html.jpg,site/agri-horticulture-fr/gamme-de-produits-orthagrow/index~lang-fr.html
fr,Les produits Moreco pour agriculture contiennent OSA pour plantes.,https://moreco.ma/agri-horticulture-fr/,screenshots/pages/agri-horticulture-fr/index.html.jpg,site/agri-horticulture-fr/index.html
fr,Les produits Moreco pour agriculture contiennent OSA pour plantes.,http://moreco.ma/agri-horticulture-fr/?lang=fr,screenshots/pages/agri-horticulture-fr/index~lang-fr.html.jpg,site/agri-horticulture-fr/index~lang-fr.html
fr,La plupart des gammes de produits de Moreco et ses applications sont basées sur silicium,https://moreco.ma/applications-produits/,screenshots/pages/applications-produits/index.html.jpg,site/applications-produits/index.html
fr,Information de contact Moreco,https://moreco.ma/contact/,screenshots/pages/contact/index.html.jpg,site/contact/index.html
fr,Information de contact Moreco,http://moreco.ma/contact/?lang=fr,screenshots/pages/contact/index~lang-fr.html.jpg,site/contact/index~lang-fr.html
fr,Huwa-San est la nouvelle génération de désinfection biodégradable.,https://moreco.ma/des-animaux/huwa-san-for-animals/,screenshots/pages/des-animaux/huwa-san-for-animals/index.html.jpg,site/des-animaux/huwa-san-for-animals/index.html
fr,Huwa-San est la nouvelle génération de désinfection biodégradable.,http://moreco.ma/des-animaux/huwa-san-for-animals/?lang=fr,screenshots/pages/des-animaux/huwa-san-for-animals/index~lang-fr.html.jpg,site/des-animaux/huwa-san-for-animals/index~lang-fr.html
fr,Améliorer la santé et la qualité de vie des animaux par Silicium absorbable.,https://moreco.ma/des-animaux/,screenshots/pages/des-animaux/index.html.jpg,site/des-animaux/index.html
fr,Améliorer la santé et la qualité de vie des animaux par Silicium absorbable.,http://moreco.ma/des-animaux/?lang=fr,screenshots/pages/des-animaux/index~lang-fr.html.jpg,site/des-animaux/index~lang-fr.html
fr,ORTHAHEALTH améliore la santé et la qualité de vie des animaux par une forme absorbable biologiquement actif breveté de la Silicon.,https://moreco.ma/des-animaux/orthahealth-fr/,screenshots/pages/des-animaux/orthahealth-fr/index.html.jpg,site/des-animaux/orthahealth-fr/index.html
fr,ORTHAHEALTH améliore la santé et la qualité de vie des animaux par une forme absorbable biologiquement actif breveté de la Silicon.,http://moreco.ma/des-animaux/orthahealth-fr/?lang=fr,screenshots/pages/des-animaux/orthahealth-fr/index~lang-fr.html.jpg,site/des-animaux/orthahealth-fr/index~lang-fr.html
fr,"BioXeco, la nouvelle génération de désinfectant biodégradable",https://moreco.ma/emploi-general/bioxeco/,screenshots/pages/emploi-general/bioxeco/index.html.jpg,site/emploi-general/bioxeco/index.html
fr,"BioXeco, la nouvelle génération de désinfectant biodégradable",http://moreco.ma/emploi-general/bioxeco/?lang=fr,screenshots/pages/emploi-general/bioxeco/index~lang-fr.html.jpg,site/emploi-general/bioxeco/index~lang-fr.html
fr,"Huwa-San AGRO optimise la croissance des racines, la consommation d'oxygène et la santé globale de l'usine.",https://moreco.ma/emploi-general/gamme-de-produits-huwa-san/desinfection-professionnel/agriculture/,screenshots/pages/emploi-general/gamme-de-produits-huwa-san/desinfection-professionnel/agriculture/index.html.jpg,site/emploi-general/gamme-de-produits-huwa-san/desinfection-professionnel/agriculture/index.html
fr,"Huwa-San AGRO optimise la croissance des racines, la consommation d'oxygène et la santé globale de l'usine.",http://moreco.ma/emploi-general/gamme-de-produits-huwa-san/desinfection-professionnel/agriculture/?lang=fr,screenshots/pages/emploi-general/gamme-de-produits-huwa-san/desinfection-professionnel/agriculture/index~lang-fr.html.jpg,site/emploi-general/gamme-de-produits-huwa-san/desinfection-professionnel/agriculture/index~lang-fr.html
fr,Huwa-San Food & Beverage est idéales pour la désinfection,https://moreco.ma/emploi-general/gamme-de-produits-huwa-san/desinfection-professionnel/aliments-et-boissons/,screenshots/pages/emploi-general/gamme-de-produits-huwa-san/desinfection-professionnel/aliments-et-boissons/index.html.jpg,site/emploi-general/gamme-de-produits-huwa-san/desinfection-professionnel/aliments-et-boissons/index.html
fr,Huwa-San Food & Beverage est idéales pour la désinfection,http://moreco.ma/emploi-general/gamme-de-produits-huwa-san/desinfection-professionnel/aliments-et-boissons/?lang=fr,screenshots/pages/emploi-general/gamme-de-produits-huwa-san/desinfection-professionnel/aliments-et-boissons/index~lang-fr.html.jpg,site/emploi-general/gamme-de-produits-huwa-san/desinfection-professionnel/aliments-et-boissons/index~lang-fr.html
fr,Huwa-San Hard Surface pour les cuisines industrielles,https://moreco.ma/emploi-general/gamme-de-produits-huwa-san/desinfection-professionnel/hard-surface/,screenshots/pages/emploi-general/gamme-de-produits-huwa-san/desinfection-professionnel/hard-surface/index.html.jpg,site/emploi-general/gamme-de-produits-huwa-san/desinfection-professionnel/hard-surface/index.html
fr,Huwa-San Hard Surface pour les cuisines industrielles,http://moreco.ma/emploi-general/gamme-de-produits-huwa-san/desinfection-professionnel/hard-surface/?lang=fr,screenshots/pages/emploi-general/gamme-de-produits-huwa-san/desinfection-professionnel/hard-surface/index~lang-fr.html.jpg,site/emploi-general/gamme-de-produits-huwa-san/desinfection-professionnel/hard-surface/index~lang-fr.html
fr,Huwa-San est la nouvelle génération de désinfection biodégradable.,https://moreco.ma/emploi-general/gamme-de-produits-huwa-san/desinfection-professionnel/,screenshots/pages/emploi-general/gamme-de-produits-huwa-san/desinfection-professionnel/index.html.jpg,site/emploi-general/gamme-de-produits-huwa-san/desinfection-professionnel/index.html
fr,Huwa-San est la nouvelle génération de désinfection biodégradable.,http://moreco.ma/emploi-general/gamme-de-produits-huwa-san/desinfection-professionnel/?lang=fr,screenshots/pages/emploi-general/gamme-de-produits-huwa-san/desinfection-professionnel/index~lang-fr.html.jpg,site/emploi-general/gamme-de-produits-huwa-san/desinfection-professionnel/index~lang-fr.html
fr,"Huwa-San 50 WT est adapté pour tuer les bactéries, les champignons, les virus, les spores, les algues et les amibes.",https://moreco.ma/emploi-general/gamme-de-produits-huwa-san/desinfection-professionnel/traitement-de-leau/,screenshots/pages/emploi-general/gamme-de-produits-huwa-san/desinfection-professionnel/traitement-de-leau/index.html.jpg,site/emploi-general/gamme-de-produits-huwa-san/desinfection-professionnel/traitement-de-leau/index.html
fr,"Huwa-San 50 WT est adapté pour tuer les bactéries, les champignons, les virus, les spores, les algues et les amibes.",http://moreco.ma/emploi-general/gamme-de-produits-huwa-san/desinfection-professionnel/traitement-de-leau/?lang=fr,screenshots/pages/emploi-general/gamme-de-produits-huwa-san/desinfection-professionnel/traitement-de-leau/index~lang-fr.html.jpg,site/emploi-general/gamme-de-produits-huwa-san/desinfection-professionnel/traitement-de-leau/index~lang-fr.html
fr,Huwa-San VET améliore la santé des animaux et la qualité d'eau,https://moreco.ma/emploi-general/gamme-de-produits-huwa-san/desinfection-professionnel/veterinaire/,screenshots/pages/emploi-general/gamme-de-produits-huwa-san/desinfection-professionnel/veterinaire/index.html.jpg,site/emploi-general/gamme-de-produits-huwa-san/desinfection-professionnel/veterinaire/index.html
fr,Huwa-San VET améliore la santé des animaux et la qualité d'eau,http://moreco.ma/emploi-general/gamme-de-produits-huwa-san/desinfection-professionnel/veterinaire/?lang=fr,screenshots/pages/emploi-general/gamme-de-produits-huwa-san/desinfection-professionnel/veterinaire/index~lang-fr.html.jpg,site/emploi-general/gamme-de-produits-huwa-san/desinfection-professionnel/veterinaire/index~lang-fr.html
fr,Les produits Huwa-San Hygiene @ Home sont la solution idéale pour tous les désinfection des ménages.,https://moreco.ma/emploi-general/gamme-de-produits-huwa-san/hygiene-home/,screenshots/pages/emploi-general/gamme-de-produits-huwa-san/hygiene-home/index.html.jpg,site/emploi-general/gamme-de-produits-huwa-san/hygiene-home/index.html
fr,Les produits Huwa-San Hygiene @ Home sont la solution idéale pour tous les désinfection des ménages.,http://moreco.ma/emploi-general/gamme-de-produits-huwa-san/hygiene-home/?lang=fr,screenshots/pages/emploi-general/gamme-de-produits-huwa-san/hygiene-home/index~lang-fr.html.jpg,site/emploi-general/gamme-de-produits-huwa-san/hygiene-home/index~lang-fr.html
fr,Huwa-San est la nouvelle génération de la désinfection biodégradable.,https://moreco.ma/emploi-general/gamme-de-produits-huwa-san/,screenshots/pages/emploi-general/gamme-de-produits-huwa-san/index.html.jpg,site/emploi-general/gamme-de-produits-huwa-san/index.html
fr,Huwa-San est la nouvelle génération de la désinfection biodégradable.,http://moreco.ma/emploi-general/gamme-de-produits-huwa-san/?lang=fr,screenshots/pages/emploi-general/gamme-de-produits-huwa-san/index~lang-fr.html.jpg,site/emploi-general/gamme-de-produits-huwa-san/index~lang-fr.html
fr,Huwa-San Pool: un désinfectant efficace de l'eau écologique,https://moreco.ma/emploi-general/gamme-de-produits-huwa-san/pool/,screenshots/pages/emploi-general/gamme-de-produits-huwa-san/pool/index.html.jpg,site/emploi-general/gamme-de-produits-huwa-san/pool/index.html
fr,Huwa-San Pool: un désinfectant efficace de l'eau écologique,http://moreco.ma/emploi-general/gamme-de-produits-huwa-san/pool/?lang=fr,screenshots/pages/emploi-general/gamme-de-produits-huwa-san/pool/index~lang-fr.html.jpg,site/emploi-general/gamme-de-produits-huwa-san/pool/index~lang-fr.html
fr,Huwa-San est la nouvelle génération de la désinfection biodégradable.,https://moreco.ma/emploi-general/,screenshots/pages/emploi-general/index.html.jpg,site/emploi-general/index.html
fr,Huwa-San est la nouvelle génération de la désinfection biodégradable.,http://moreco.ma/emploi-general/?lang=fr,screenshots/pages/emploi-general/index~lang-fr.html.jpg,site/emploi-general/index~lang-fr.html
fr,Clearox® peut être utilisé comme activateur de peroxyde d’hydrogène à diverses fins générales.,https://moreco.ma/emploi-general/produit-clearox/,screenshots/pages/emploi-general/produit-clearox/index.html.jpg,site/emploi-general/produit-clearox/index.html
fr,Etude de la bio-disponibilite de l'AOS,https://moreco.ma/etude-de-la-bio-disponibilite-de-laos/,screenshots/pages/etude-de-la-bio-disponibilite-de-laos/index.html.jpg,site/etude-de-la-bio-disponibilite-de-laos/index.html
fr,"Moreco, silicium pour les humains, les plantes, les animaux et l'utilisation générale",https://moreco.ma/,screenshots/pages/index.html.jpg,site/index.html
fr,la Nutrition et les Cheveux: Deficiences et Supplements,https://moreco.ma/la-nutrition-et-les-cheveux-deficiences-et-supplements/,screenshots/pages/la-nutrition-et-les-cheveux-deficiences-et-supplements/index.html.jpg,site/la-nutrition-et-les-cheveux-deficiences-et-supplements/index.html
fr,Le Potentiel Therapeutique de l'acide silicique,https://moreco.ma/le-potentiel-therapeutique-de-lacide-silicique/,screenshots/pages/le-potentiel-therapeutique-de-lacide-silicique/index.html.jpg,site/le-potentiel-therapeutique-de-lacide-silicique/index.html
fr,Les dossiers pour les medias et les evenements a venir,https://moreco.ma/les-dossiers-pour-les-medias-et-les-evenements-venir/,screenshots/pages/les-dossiers-pour-les-medias-et-les-evenements-venir/index.html.jpg,site/les-dossiers-pour-les-medias-et-les-evenements-venir/index.html
fr,MORECO propose un silicium biologiquement actif qui peut être absorbée par les humains,https://moreco.ma/les-humains/,screenshots/pages/les-humains/index.html.jpg,site/les-humains/index.html
fr,MORECO propose un silicium biologiquement actif qui peut être absorbée par les humains,http://moreco.ma/les-humains/?lang=fr,screenshots/pages/les-humains/index~lang-fr.html.jpg,site/les-humains/index~lang-fr.html
fr,Le ligne de produit Mavita apporte de la qualité de vie!,https://moreco.ma/les-humains/ligne-de-produit-mavita/,screenshots/pages/les-humains/ligne-de-produit-mavita/index.html.jpg,site/les-humains/ligne-de-produit-mavita/index.html
fr,Le ligne de produit Mavita apporte de la qualité de vie!,http://moreco.ma/les-humains/ligne-de-produit-mavita/?lang=fr,screenshots/pages/les-humains/ligne-de-produit-mavita/index~lang-fr.html.jpg,site/les-humains/ligne-de-produit-mavita/index~lang-fr.html
fr,Découvrez un nouveau bien-être général avec Mavita Beauty,https://moreco.ma/les-humains/ligne-de-produit-mavita/mavita-beauty-fr/,screenshots/pages/les-humains/ligne-de-produit-mavita/mavita-beauty-fr/index.html.jpg,site/les-humains/ligne-de-produit-mavita/mavita-beauty-fr/index.html
fr,Découvrez un nouveau bien-être général avec Mavita Beauty,https://moreco.ma/les-humains/ligne-de-produit-mavita/mavita-beauty-fr/?lang=fr,screenshots/pages/les-humains/ligne-de-produit-mavita/mavita-beauty-fr/index~lang-fr.html.jpg,site/les-humains/ligne-de-produit-mavita/mavita-beauty-fr/index~lang-fr.html
fr,Mavita Health est une suspension énergisante de 10 minéraux sélectionnés.,https://moreco.ma/les-humains/ligne-de-produit-mavita/mavita-health-fr/,screenshots/pages/les-humains/ligne-de-produit-mavita/mavita-health-fr/index.html.jpg,site/les-humains/ligne-de-produit-mavita/mavita-health-fr/index.html
fr,Mavita Health est une suspension énergisante de 10 minéraux sélectionnés.,https://moreco.ma/les-humains/ligne-de-produit-mavita/mavita-health-fr/?lang=fr,screenshots/pages/les-humains/ligne-de-produit-mavita/mavita-health-fr/index~lang-fr.html.jpg,site/les-humains/ligne-de-produit-mavita/mavita-health-fr/index~lang-fr.html
fr,Mavita Luxe,https://moreco.ma/les-humains/ligne-de-produit-mavita/mavita-luxe-fr/,screenshots/pages/les-humains/ligne-de-produit-mavita/mavita-luxe-fr/index.html.jpg,site/les-humains/ligne-de-produit-mavita/mavita-luxe-fr/index.html
fr,Mavita Luxe,https://moreco.ma/les-humains/ligne-de-produit-mavita/mavita-luxe-fr/?lang=fr,screenshots/pages/les-humains/ligne-de-produit-mavita/mavita-luxe-fr/index~lang-fr.html.jpg,site/les-humains/ligne-de-produit-mavita/mavita-luxe-fr/index~lang-fr.html
fr,Mavita Slim+ est votre substitut de repas idéal,https://moreco.ma/les-humains/ligne-de-produit-mavita/mavita-slim-avec-maca/,screenshots/pages/les-humains/ligne-de-produit-mavita/mavita-slim-avec-maca/index.html.jpg,site/les-humains/ligne-de-produit-mavita/mavita-slim-avec-maca/index.html
fr,Mavita Slim+ est votre substitut de repas idéal,https://moreco.ma/les-humains/ligne-de-produit-mavita/mavita-slim-avec-maca/?lang=fr,screenshots/pages/les-humains/ligne-de-produit-mavita/mavita-slim-avec-maca/index~lang-fr.html.jpg,site/les-humains/ligne-de-produit-mavita/mavita-slim-avec-maca/index~lang-fr.html
fr,Mavita Sport: Suspension énergisante de silicium biodisponible et de 8 MINÉRAUX sélectionnés.,https://moreco.ma/les-humains/ligne-de-produit-mavita/mavita-sport-fr/,screenshots/pages/les-humains/ligne-de-produit-mavita/mavita-sport-fr/index.html.jpg,site/les-humains/ligne-de-produit-mavita/mavita-sport-fr/index.html
fr,Mavita Sport: Suspension énergisante de silicium biodisponible et de 8 MINÉRAUX sélectionnés.,https://moreco.ma/les-humains/ligne-de-produit-mavita/mavita-sport-fr/?lang=fr,screenshots/pages/les-humains/ligne-de-produit-mavita/mavita-sport-fr/index~lang-fr.html.jpg,site/les-humains/ligne-de-produit-mavita/mavita-sport-fr/index~lang-fr.html
fr,Sentez la différence dans votre bien-être général avec Mavita Stress-plex,https://moreco.ma/les-humains/ligne-de-produit-mavita/mavita-stress-plex-fr/,screenshots/pages/les-humains/ligne-de-produit-mavita/mavita-stress-plex-fr/index.html.jpg,site/les-humains/ligne-de-produit-mavita/mavita-stress-plex-fr/index.html
fr,Sentez la différence dans votre bien-être général avec Mavita Stress-plex,https://moreco.ma/les-humains/ligne-de-produit-mavita/mavita-stress-plex-fr/?lang=fr,screenshots/pages/les-humains/ligne-de-produit-mavita/mavita-stress-plex-fr/index~lang-fr.html.jpg,site/les-humains/ligne-de-produit-mavita/mavita-stress-plex-fr/index~lang-fr.html
fr,l'Impact de l'Agriculture sur le cycle biogeochimique de Si,https://moreco.ma/limpact-de-lagriculture-sur-le-cycle-biogeochimique-de-si/,screenshots/pages/limpact-de-lagriculture-sur-le-cycle-biogeochimique-de-si/index.html.jpg,site/limpact-de-lagriculture-sur-le-cycle-biogeochimique-de-si/index.html
fr,l'importance du silicium,https://moreco.ma/limportance-du-silicium/,screenshots/pages/limportance-du-silicium/index.html.jpg,site/limportance-du-silicium/index.html
fr,Mavita Health renforce le systeme d'immunite,https://moreco.ma/mavita-health-renforce-le-systeme-dimmunite/,screenshots/pages/mavita-health-renforce-le-systeme-dimmunite/index.html.jpg,site/mavita-health-renforce-le-systeme-dimmunite/index.html
fr,Nouvelles - Moreco,https://moreco.ma/news/,screenshots/pages/news/index.html.jpg,site/news/index.html
fr,"Nutrition foliare: Faits, Mythes et Perspectives",https://moreco.ma/nutrition-foliare-faits-mythes-et-perspectives/,screenshots/pages/nutrition-foliare-faits-mythes-et-perspectives/index.html.jpg,site/nutrition-foliare-faits-mythes-et-perspectives/index.html
fr,Opportunités de carrière à Moreco,https://moreco.ma/opportunites-de-carriere-a-moreco/,screenshots/pages/opportunites-de-carriere-a-moreco/index.html.jpg,site/opportunites-de-carriere-a-moreco/index.html
fr,Produits Moreco - Moreco,https://moreco.ma/produits-moreco/,screenshots/pages/produits-moreco/index.html.jpg,site/produits-moreco/index.html
fr,Moreco distribue des produits avec une forme absorbable de silicium (OSA).,https://moreco.ma/produits/,screenshots/pages/produits/index.html.jpg,site/produits/index.html
fr,Moreco distribue des produits avec une forme absorbable de silicium (OSA).,http://moreco.ma/produits/?lang=fr,screenshots/pages/produits/index~lang-fr.html.jpg,site/produits/index~lang-fr.html
fr,Résultats de l'utilisation des produits MORECO / ORTHAGROW - Moreco,https://moreco.ma/recherche/,screenshots/pages/recherche/index.html.jpg,site/recherche/index.html
fr,Résultats de l'utilisation des produits MORECO / ORTHAGROW - Moreco,http://moreco.ma/recherche/?lang=fr,screenshots/pages/recherche/index~lang-fr.html.jpg,site/recherche/index~lang-fr.html
fr,Inscription pour le lancement Moreco au SIAM MEKNES Morocco,https://moreco.ma/registration-for-launch-moreco/,screenshots/pages/registration-for-launch-moreco/index.html.jpg,site/registration-for-launch-moreco/index.html
fr,15-Résultats sur les grapes - Moreco,https://moreco.ma/research/15-resultats-sur-les-grapes/,screenshots/pages/research/15-resultats-sur-les-grapes/index.html.jpg,site/research/15-resultats-sur-les-grapes/index.html
fr,16-Résultats sur les prunes - Moreco,https://moreco.ma/research/16-resultats-sur-les-prunes/,screenshots/pages/research/16-resultats-sur-les-prunes/index.html.jpg,site/research/16-resultats-sur-les-prunes/index.html
fr,17- Résultats sur les Framboises - Moreco,https://moreco.ma/research/17-resultats-sur-les-framboises/,screenshots/pages/research/17-resultats-sur-les-framboises/index.html.jpg,site/research/17-resultats-sur-les-framboises/index.html
fr,18- Résultats sur les oignons - Moreco,https://moreco.ma/research/18-resultats-sur-les-oignons/,screenshots/pages/research/18-resultats-sur-les-oignons/index.html.jpg,site/research/18-resultats-sur-les-oignons/index.html
fr,19- Résultats sur le Gazon - Moreco,https://moreco.ma/research/19-resultats-sur-le-gazon/,screenshots/pages/research/19-resultats-sur-le-gazon/index.html.jpg,site/research/19-resultats-sur-le-gazon/index.html
fr,10- Résultats sur les poivrons - Moreco,https://moreco.ma/research/effets-des-produits-orthagrow-sur-les-poivrons/,screenshots/pages/research/effets-des-produits-orthagrow-sur-les-poivrons/index.html.jpg,site/research/effets-des-produits-orthagrow-sur-les-poivrons/index.html
fr,09-Résultats sue le blé - Moreco,https://moreco.ma/research/resultats-de-la-production-de-ble-a-lapplication-de-orthagrow-granule/,screenshots/pages/research/resultats-de-la-production-de-ble-a-lapplication-de-orthagrow-granule/index.html.jpg,site/research/resultats-de-la-production-de-ble-a-lapplication-de-orthagrow-granule/index.html
fr,14-Résultats sur le QUINOA - Moreco,https://moreco.ma/research/resultats-de-la-production-de-guinoa-a-lapplication-de-orthagrow-control/,screenshots/pages/research/resultats-de-la-production-de-guinoa-a-lapplication-de-orthagrow-control/index.html.jpg,site/research/resultats-de-la-production-de-guinoa-a-lapplication-de-orthagrow-control/index.html
fr,12-Résultats maïs d'ensilage - Moreco,https://moreco.ma/research/resultats-de-la-production-de-mais-densilage-a-lapplication-de-orthagrow-poudre/,screenshots/pages/research/resultats-de-la-production-de-mais-densilage-a-lapplication-de-orthagrow-poudre/index.html.jpg,site/research/resultats-de-la-production-de-mais-densilage-a-lapplication-de-orthagrow-poudre/index.html
fr,05-Résultats sur les pêcher - Moreco,https://moreco.ma/research/resultats-de-la-production-sur-les-arbres-pecher-a-lapplication-de-orthagrow-bloom-booster/,screenshots/pages/research/resultats-de-la-production-sur-les-arbres-pecher-a-lapplication-de-orthagrow-bloom-booster/index.html.jpg,site/research/resultats-de-la-production-sur-les-arbres-pecher-a-lapplication-de-orthagrow-bloom-booster/index.html
fr,04-Résultats sur les Agrumes - Moreco,https://moreco.ma/research/resultats-sur-les-agrumes-marisol-apres-lapplication-de-orthagrow-control/,screenshots/pages/research/resultats-sur-les-agrumes-marisol-apres-lapplication-de-orthagrow-control/index.html.jpg,site/research/resultats-sur-les-agrumes-marisol-apres-lapplication-de-orthagrow-control/index.html
fr,13-Résultats sur les cactus - Moreco,https://moreco.ma/research/resultats-sur-les-cactus-apres-lapplication-de-orthagrow-control/,screenshots/pages/research/resultats-sur-les-cactus-apres-lapplication-de-orthagrow-control/index.html.jpg,site/research/resultats-sur-les-cactus-apres-lapplication-de-orthagrow-control/index.html
fr,08-Résultats sur les carottes - Moreco,https://moreco.ma/research/resultats-sur-les-carottes-apres-lapplication-de-orthagrow-control-2/,screenshots/pages/research/resultats-sur-les-carottes-apres-lapplication-de-orthagrow-control-2/index.html.jpg,site/research/resultats-sur-les-carottes-apres-lapplication-de-orthagrow-control-2/index.html
fr,08-Résultats sur les carottes - Moreco,https://moreco.ma/research/resultats-sur-les-carottes-apres-lapplication-de-orthagrow-control/,screenshots/pages/research/resultats-sur-les-carottes-apres-lapplication-de-orthagrow-control/index.html.jpg,site/research/resultats-sur-les-carottes-apres-lapplication-de-orthagrow-control/index.html
fr,02-Résultats sur les fraises - Moreco,https://moreco.ma/research/resultats-sur-les-fraises-apres-lapplication-de-la-gamme-orthagrow/,screenshots/pages/research/resultats-sur-les-fraises-apres-lapplication-de-la-gamme-orthagrow/index.html.jpg,site/research/resultats-sur-les-fraises-apres-lapplication-de-la-gamme-orthagrow/index.html
fr,07-Résultats sur les melons - Moreco,https://moreco.ma/research/resultats-sur-les-melons-jaune-apres-lapplication-de-la-gamme-orthagrow/,screenshots/pages/research/resultats-sur-les-melons-jaune-apres-lapplication-de-la-gamme-orthagrow/index.html.jpg,site/research/resultats-sur-les-melons-jaune-apres-lapplication-de-la-gamme-orthagrow/index.html
fr,11- Résultats sur les Olives - Moreco,https://moreco.ma/research/resultats-sur-les-olives-apres-lapplication-de-orthagrow-control/,screenshots/pages/research/resultats-sur-les-olives-apres-lapplication-de-orthagrow-control/index.html.jpg,site/research/resultats-sur-les-olives-apres-lapplication-de-orthagrow-control/index.html
fr,06-Résultats pommes de terre - Moreco,https://moreco.ma/research/resultats-sur-les-pommes-de-terre-apres-lapplication-du-produit-orthagrow-control/,screenshots/pages/research/resultats-sur-les-pommes-de-terre-apres-lapplication-du-produit-orthagrow-control/index.html.jpg,site/research/resultats-sur-les-pommes-de-terre-apres-lapplication-du-produit-orthagrow-control/index.html
fr,01-Résultats sur les pommiers - Moreco,https://moreco.ma/research/resultats-sur-les-pommiers-apres-lapplication-des-produits-la-gamme-orthagrow/,screenshots/pages/research/resultats-sur-les-pommiers-apres-lapplication-des-produits-la-gamme-orthagrow/index.html.jpg,site/research/resultats-sur-les-pommiers-apres-lapplication-des-produits-la-gamme-orthagrow/index.html
fr,03- Résultats sur les tomates - Moreco,https://moreco.ma/research/resultats-sur-les-tomates-apres-lapplication-de-orthagrow-control/,screenshots/pages/research/resultats-sur-les-tomates-apres-lapplication-de-orthagrow-control/index.html.jpg,site/research/resultats-sur-les-tomates-apres-lapplication-de-orthagrow-control/index.html
